[
  {
    "id": "edf846c4-a386-4656-9a97-5f64ea70bae9",
    "data": [
      {
        "text": "что там ",
        "userDefined": false
      },
      {
        "text": "завтра",
        "alias": "date",
        "meta": "@sys.date",
        "userDefined": false
      },
      {
        "text": "?",
        "userDefined": false
      }
    ],
    "isTemplate": false,
    "count": 2,
    "updated": 0
  },
  {
    "id": "cd0956dc-3f48-45f2-9704-53de892bc80b",
    "data": [
      {
        "text": "двадцать пятое мая две тысячи двадцать второго года",
        "alias": "date",
        "meta": "@sys.date",
        "userDefined": false
      }
    ],
    "isTemplate": false,
    "count": 1,
    "updated": 0
  },
  {
    "id": "588a35ed-7736-44cd-a36e-5c2e1eb1f3ad",
    "data": [
      {
        "text": "А ",
        "userDefined": false
      },
      {
        "text": "15 мая",
        "alias": "date",
        "meta": "@sys.date",
        "userDefined": false
      },
      {
        "text": "?",
        "userDefined": false
      }
    ],
    "isTemplate": false,
    "count": 2,
    "updated": 0
  },
  {
    "id": "83751076-0905-4e5c-8014-7a201670a8e0",
    "data": [
      {
        "text": "двадцать пять",
        "alias": "date",
        "meta": "@sys.date",
        "userDefined": true
      },
      {
        "text": " это что что",
        "userDefined": false
      }
    ],
    "isTemplate": false,
    "count": 0,
    "updated": 0
  },
  {
    "id": "c32c6d69-490d-44f7-8006-c63f70e51544",
    "data": [
      {
        "text": "двадцать пятое",
        "alias": "date",
        "meta": "@sys.date",
        "userDefined": false
      },
      {
        "text": " это что",
        "userDefined": false
      }
    ],
    "isTemplate": false,
    "count": 0,
    "updated": 0
  },
  {
    "id": "a8a2ac93-5158-4f1d-b973-c6d1609eda12",
    "data": [
      {
        "text": "подскажи про ",
        "userDefined": false
      },
      {
        "text": "пятнадцатое июня",
        "alias": "date",
        "meta": "@sys.date",
        "userDefined": false
      }
    ],
    "isTemplate": false,
    "count": 0,
    "updated": 0
  },
  {
    "id": "6dbf0c59-4599-48f6-abde-d2db334698c9",
    "data": [
      {
        "text": "а ",
        "userDefined": false
      },
      {
        "text": "четырнадцатое июня",
        "alias": "date",
        "meta": "@sys.date",
        "userDefined": false
      }
    ],
    "isTemplate": false,
    "count": 0,
    "updated": 0
  },
  {
    "id": "8c08a338-2b04-4d48-8e25-e8ae4f4e0d90",
    "data": [
      {
        "text": "двенадцатого ",
        "userDefined": false
      },
      {
        "text": "двенадцатого июня",
        "alias": "date",
        "meta": "@sys.date",
        "userDefined": false
      },
      {
        "text": " это что",
        "userDefined": false
      }
    ],
    "isTemplate": false,
    "count": 0,
    "updated": 0
  },
  {
    "id": "4cf2d7aa-c50b-4c6c-ad8f-8cf5b1f8faab",
    "data": [
      {
        "text": "семнадцатое апреля",
        "alias": "date",
        "meta": "@sys.date",
        "userDefined": false
      }
    ],
    "isTemplate": false,
    "count": 0,
    "updated": 0
  },
  {
    "id": "990ad9fe-fc43-413e-9fbb-13511451f114",
    "data": [
      {
        "text": "двадцать второе декабря",
        "alias": "date",
        "meta": "@sys.date",
        "userDefined": false
      }
    ],
    "isTemplate": false,
    "count": 0,
    "updated": 0
  },
  {
    "id": "c29baa66-92cf-400f-847b-c23b9ab6b216",
    "data": [
      {
        "text": "четырнадцатое февраля",
        "alias": "date",
        "meta": "@sys.date",
        "userDefined": false
      }
    ],
    "isTemplate": false,
    "count": 0,
    "updated": 0
  },
  {
    "id": "776c7bfa-cf9f-49a6-a548-71da619fb3a9",
    "data": [
      {
        "text": "7 марта",
        "alias": "date",
        "meta": "@sys.date",
        "userDefined": false
      }
    ],
    "isTemplate": false,
    "count": 1,
    "updated": 0
  },
  {
    "id": "119f9197-022b-4138-9d55-0278e1a88415",
    "data": [
      {
        "text": "это ",
        "userDefined": false
      },
      {
        "text": "сегодня",
        "alias": "date",
        "meta": "@sys.date",
        "userDefined": false
      }
    ],
    "isTemplate": false,
    "count": 1,
    "updated": 0
  },
  {
    "id": "a6267bcb-c6f0-49d3-87d6-52182516ff93",
    "data": [
      {
        "text": "22 декабря",
        "alias": "date",
        "meta": "@sys.date",
        "userDefined": false
      }
    ],
    "isTemplate": false,
    "count": 0,
    "updated": 0
  },
  {
    "id": "489b9cfd-cd34-4e80-92cc-144fb3d5c04c",
    "data": [
      {
        "text": "что будет ",
        "userDefined": false
      },
      {
        "text": "через неделю",
        "alias": "date",
        "meta": "@sys.date",
        "userDefined": true
      }
    ],
    "isTemplate": false,
    "count": 0,
    "updated": 0
  },
  {
    "id": "12745bfd-8101-4b0e-bdfc-82e9044c5cc1",
    "data": [
      {
        "text": "а ",
        "userDefined": false
      },
      {
        "text": "через неделю",
        "alias": "date",
        "meta": "@sys.date",
        "userDefined": true
      }
    ],
    "isTemplate": false,
    "count": 1,
    "updated": 0
  },
  {
    "id": "114a7038-f145-48eb-9ff5-855d3539294d",
    "data": [
      {
        "text": "послезавтра",
        "alias": "date",
        "meta": "@sys.date",
        "userDefined": false
      }
    ],
    "isTemplate": false,
    "count": 1,
    "updated": 0
  },
  {
    "id": "b857ceb7-d979-40d5-91e8-68336dd1d943",
    "data": [
      {
        "text": "что будет ",
        "userDefined": false
      },
      {
        "text": "через две недели",
        "alias": "date",
        "meta": "@sys.date",
        "userDefined": true
      }
    ],
    "isTemplate": false,
    "count": 1,
    "updated": 0
  },
  {
    "id": "e4f3b945-d082-4205-b577-270e0ec70143",
    "data": [
      {
        "text": "через две недели",
        "alias": "date",
        "meta": "@sys.date",
        "userDefined": true
      }
    ],
    "isTemplate": false,
    "count": 0,
    "updated": 0
  },
  {
    "id": "7b70054a-e7a5-494e-8a5f-fe55fd5fd857",
    "data": [
      {
        "text": "что там ",
        "userDefined": false
      },
      {
        "text": "через две недели",
        "alias": "date",
        "meta": "@sys.date",
        "userDefined": true
      }
    ],
    "isTemplate": false,
    "count": 1,
    "updated": 0
  },
  {
    "id": "548e1bf4-a33a-49ac-8fc5-caeb1825b2ea",
    "data": [
      {
        "text": "29 апреля",
        "alias": "date",
        "meta": "@sys.date",
        "userDefined": false
      }
    ],
    "isTemplate": false,
    "count": 1,
    "updated": 0
  },
  {
    "id": "094f2ad3-6253-4f88-8192-1382c0c62889",
    "data": [
      {
        "text": "что будет ",
        "userDefined": false
      },
      {
        "text": "завтра",
        "alias": "date",
        "meta": "@sys.date",
        "userDefined": false
      }
    ],
    "isTemplate": false,
    "count": 0,
    "updated": 0
  },
  {
    "id": "fe824489-006f-421f-b23a-48f374248e82",
    "data": [
      {
        "text": "что там ",
        "userDefined": false
      },
      {
        "text": "29",
        "alias": "date",
        "meta": "@sys.date",
        "userDefined": true
      }
    ],
    "isTemplate": false,
    "count": 0,
    "updated": 0
  },
  {
    "id": "3a2c68a0-9564-47ce-901d-1f47d6846d1f",
    "data": [
      {
        "text": "что там ",
        "userDefined": false
      },
      {
        "text": "29го",
        "alias": "date",
        "meta": "@sys.date",
        "userDefined": false
      }
    ],
    "isTemplate": false,
    "count": 2,
    "updated": 0
  },
  {
    "id": "cbde1f01-0b45-4ffb-b718-7a4f988b45a9",
    "data": [
      {
        "text": "7 марта прошлого года",
        "alias": "date",
        "meta": "@sys.date",
        "userDefined": false
      }
    ],
    "isTemplate": false,
    "count": 0,
    "updated": 0
  },
  {
    "id": "b226b8b7-ae51-40f9-9465-730f75d3396d",
    "data": [
      {
        "text": "7 марта позапрошлого года",
        "alias": "date",
        "meta": "@sys.date",
        "userDefined": false
      }
    ],
    "isTemplate": false,
    "count": 2,
    "updated": 0
  },
  {
    "id": "39997c0c-f377-42d1-8ed5-32c28c563095",
    "data": [
      {
        "text": "7 марта 2019",
        "alias": "date",
        "meta": "@sys.date",
        "userDefined": false
      }
    ],
    "isTemplate": false,
    "count": 0,
    "updated": 0
  },
  {
    "id": "aa8cafb0-7045-4af5-aa92-dd6509117170",
    "data": [
      {
        "text": "10 ноября",
        "alias": "date",
        "meta": "@sys.date",
        "userDefined": false
      }
    ],
    "isTemplate": false,
    "count": 3,
    "updated": 0
  },
  {
    "id": "4ac5df84-43a9-435d-b3c0-f782f6c204ec",
    "data": [
      {
        "text": "17 июля",
        "alias": "date",
        "meta": "@sys.date",
        "userDefined": false
      }
    ],
    "isTemplate": false,
    "count": 0,
    "updated": 0
  },
  {
    "id": "fe5414bd-c611-48f1-8b98-0ecd4baf42c7",
    "data": [
      {
        "text": "18 июля",
        "alias": "date",
        "meta": "@sys.date",
        "userDefined": false
      }
    ],
    "isTemplate": false,
    "count": 0,
    "updated": 0
  },
  {
    "id": "9f027b6b-fb18-438f-9c18-8528e1d55f41",
    "data": [
      {
        "text": "12 июня",
        "alias": "date",
        "meta": "@sys.date",
        "userDefined": false
      }
    ],
    "isTemplate": false,
    "count": 0,
    "updated": 0
  },
  {
    "id": "bc5e93fd-eed8-41d0-9e67-b49ddd1d34f3",
    "data": [
      {
        "text": "10 мая",
        "alias": "date",
        "meta": "@sys.date",
        "userDefined": false
      }
    ],
    "isTemplate": false,
    "count": 0,
    "updated": 0
  },
  {
    "id": "67e77dd8-344e-49db-8ad2-4ad39b6a2b87",
    "data": [
      {
        "text": "1 января",
        "alias": "date",
        "meta": "@sys.date",
        "userDefined": false
      }
    ],
    "isTemplate": false,
    "count": 0,
    "updated": 0
  },
  {
    "id": "df76c400-4e82-41e4-8385-da042375bc40",
    "data": [
      {
        "text": "1 января 20го года",
        "alias": "date",
        "meta": "@sys.date",
        "userDefined": false
      }
    ],
    "isTemplate": false,
    "count": 0,
    "updated": 0
  },
  {
    "id": "d6375fd1-55b9-4eee-89c7-41744cf35689",
    "data": [
      {
        "text": "11 января двадцатого года",
        "alias": "date",
        "meta": "@sys.date",
        "userDefined": false
      }
    ],
    "isTemplate": false,
    "count": 0,
    "updated": 0
  },
  {
    "id": "49d0a0e8-fbc1-423c-9cea-ad7ab47628bc",
    "data": [
      {
        "text": "11 апреля",
        "alias": "date",
        "meta": "@sys.date",
        "userDefined": false
      }
    ],
    "isTemplate": false,
    "count": 0,
    "updated": 0
  },
  {
    "id": "8d7831b1-9acd-411f-a0c0-8f560a9f7304",
    "data": [
      {
        "text": "1 января 20 года",
        "alias": "date",
        "meta": "@sys.date",
        "userDefined": false
      }
    ],
    "isTemplate": false,
    "count": 0,
    "updated": 0
  },
  {
    "id": "a24aa834-de62-48cf-bece-45a50e0bb2e9",
    "data": [
      {
        "text": "1 января этого года",
        "alias": "date",
        "meta": "@sys.date",
        "userDefined": false
      }
    ],
    "isTemplate": false,
    "count": 4,
    "updated": 0
  },
  {
    "id": "0a8cb290-a905-4fc5-b8fd-c369e0e75f28",
    "data": [
      {
        "text": "1 января",
        "alias": "date",
        "meta": "@sys.date",
        "userDefined": false
      },
      {
        "text": " это выходной",
        "userDefined": false
      }
    ],
    "isTemplate": false,
    "count": 0,
    "updated": 0
  },
  {
    "id": "a049db5c-055c-427f-9457-347ee5318df0",
    "data": [
      {
        "text": "7 марта 20го",
        "alias": "date",
        "meta": "@sys.date",
        "userDefined": false
      }
    ],
    "isTemplate": false,
    "count": 0,
    "updated": 0
  },
  {
    "id": "4eba1114-89f1-4de5-9746-fa4ce844b625",
    "data": [
      {
        "text": "7 марта 2020",
        "alias": "date",
        "meta": "@sys.date",
        "userDefined": false
      }
    ],
    "isTemplate": false,
    "count": 0,
    "updated": 0
  },
  {
    "id": "292d28ce-1fd1-42ed-a0a8-b93339dcbf83",
    "data": [
      {
        "text": "29 апреля следующего года",
        "alias": "date",
        "meta": "@sys.date",
        "userDefined": false
      }
    ],
    "isTemplate": false,
    "count": 0,
    "updated": 0
  },
  {
    "id": "8052ab01-52d8-449d-abce-cee6e04df318",
    "data": [
      {
        "text": "7 марта следующего года",
        "alias": "date",
        "meta": "@sys.date",
        "userDefined": false
      }
    ],
    "isTemplate": false,
    "count": 0,
    "updated": 0
  },
  {
    "id": "05badd64-8951-40fd-a133-bda061fb34ac",
    "data": [
      {
        "text": "7 марта этого года",
        "alias": "date",
        "meta": "@sys.date",
        "userDefined": false
      }
    ],
    "isTemplate": false,
    "count": 0,
    "updated": 0
  },
  {
    "id": "d0fd5523-8663-46cd-a5b9-14f07eab6a8c",
    "data": [
      {
        "text": "завтра",
        "alias": "date",
        "meta": "@sys.date",
        "userDefined": false
      },
      {
        "text": " рабочий день?",
        "userDefined": false
      }
    ],
    "isTemplate": false,
    "count": 0,
    "updated": 0
  },
  {
    "id": "97a73ced-cb6b-41b2-b0df-d3521a253dc7",
    "data": [
      {
        "text": "что у нас ",
        "userDefined": false
      },
      {
        "text": "завтра",
        "alias": "date",
        "meta": "@sys.date",
        "userDefined": false
      },
      {
        "text": "?",
        "userDefined": false
      }
    ],
    "isTemplate": false,
    "count": 0,
    "updated": 0
  },
  {
    "id": "f4a667ff-a9c2-47d9-a9a4-0a887a5229f9",
    "data": [
      {
        "text": "25е",
        "alias": "date",
        "meta": "@sys.date",
        "userDefined": false
      },
      {
        "text": " - это что",
        "userDefined": false
      }
    ],
    "isTemplate": false,
    "count": 2,
    "updated": 0
  },
  {
    "id": "6017dc12-9499-4234-bbb5-e43290fe9063",
    "data": [
      {
        "text": "25",
        "alias": "date",
        "meta": "@sys.date",
        "userDefined": true
      },
      {
        "text": " это что",
        "userDefined": false
      }
    ],
    "isTemplate": false,
    "count": 1,
    "updated": 0
  },
  {
    "id": "dc52dc0e-3763-46fa-a884-560b6eaff725",
    "data": [
      {
        "text": "25е",
        "alias": "date",
        "meta": "@sys.date",
        "userDefined": false
      },
      {
        "text": " это что",
        "userDefined": false
      }
    ],
    "isTemplate": false,
    "count": 1,
    "updated": 0
  },
  {
    "id": "c4b2ddf9-b5fc-444d-9032-daf85e61acea",
    "data": [
      {
        "text": "25 это что",
        "userDefined": false
      }
    ],
    "isTemplate": false,
    "count": 0,
    "updated": 0
  },
  {
    "id": "02c816b8-48eb-40d1-a808-f88d42d347b3",
    "data": [
      {
        "text": "что там ",
        "userDefined": false
      },
      {
        "text": "25го",
        "alias": "date",
        "meta": "@sys.date",
        "userDefined": false
      }
    ],
    "isTemplate": false,
    "count": 1,
    "updated": 0
  },
  {
    "id": "f846c955-53b3-4d78-a6db-3ab5f11132f9",
    "data": [
      {
        "text": "25",
        "alias": "date",
        "meta": "@sys.date",
        "userDefined": true
      },
      {
        "text": "е - это что",
        "userDefined": false
      }
    ],
    "isTemplate": false,
    "count": 0,
    "updated": 0
  },
  {
    "id": "29d8c860-5fc8-42da-8bdc-b7388bd1a24a",
    "data": [
      {
        "text": "вторник через неделю",
        "alias": "date",
        "meta": "@sys.date",
        "userDefined": false
      }
    ],
    "isTemplate": false,
    "count": 1,
    "updated": 0
  },
  {
    "id": "689e16dc-a305-4493-9fe3-ea4dd153a947",
    "data": [
      {
        "text": "30 февраля",
        "userDefined": false
      }
    ],
    "isTemplate": false,
    "count": 0,
    "updated": 0
  },
  {
    "id": "e8b4c0bb-a0ee-4568-bb36-978669e19c8f",
    "data": [
      {
        "text": "29 февраля",
        "alias": "date",
        "meta": "@sys.date",
        "userDefined": false
      }
    ],
    "isTemplate": false,
    "count": 1,
    "updated": 0
  },
  {
    "id": "3ce06d9a-c65c-4493-8086-fb1f6ece437b",
    "data": [
      {
        "text": "29 февраля 21го года",
        "alias": "date",
        "meta": "@sys.date",
        "userDefined": false
      }
    ],
    "isTemplate": false,
    "count": 0,
    "updated": 0
  },
  {
    "id": "b7730de8-686a-46c3-a972-e54d726f2913",
    "data": [
      {
        "text": "28 февраля следующего года",
        "alias": "date",
        "meta": "@sys.date",
        "userDefined": false
      }
    ],
    "isTemplate": false,
    "count": 1,
    "updated": 0
  },
  {
    "id": "6ed4c9ce-10f9-424b-9eea-411814f3318a",
    "data": [
      {
        "text": "29 февраля следующего года",
        "alias": "date",
        "meta": "@sys.date",
        "userDefined": false
      }
    ],
    "isTemplate": false,
    "count": 1,
    "updated": 0
  },
  {
    "id": "10301658-4a94-4832-b509-185abf83a215",
    "data": [
      {
        "text": "28 февраля 2021 года",
        "alias": "date",
        "meta": "@sys.date",
        "userDefined": false
      }
    ],
    "isTemplate": false,
    "count": 1,
    "updated": 0
  },
  {
    "id": "08b8f3f7-2520-477d-8322-ae184930cda3",
    "data": [
      {
        "text": "29 февраля 2021 года",
        "alias": "date",
        "meta": "@sys.date",
        "userDefined": false
      }
    ],
    "isTemplate": false,
    "count": 1,
    "updated": 0
  },
  {
    "id": "2404ed83-deec-4e59-87b5-8354c7005173",
    "data": [
      {
        "text": "30 февраля",
        "alias": "date",
        "meta": "@sys.date",
        "userDefined": true
      }
    ],
    "isTemplate": false,
    "count": 1,
    "updated": 0
  },
  {
    "id": "abf3c23a-733e-4cc4-95c5-6dc3cfe2ea42",
    "data": [
      {
        "text": "29 февраля",
        "alias": "date",
        "meta": "@sys.date",
        "userDefined": false
      },
      {
        "text": " 21го года",
        "userDefined": false
      }
    ],
    "isTemplate": false,
    "count": 0,
    "updated": 0
  },
  {
    "id": "c1453d40-05a3-4559-8cdd-b5ef448ab395",
    "data": [
      {
        "text": "во ",
        "userDefined": false
      },
      {
        "text": "вторник через неделю",
        "alias": "date",
        "meta": "@sys.date",
        "userDefined": true
      }
    ],
    "isTemplate": false,
    "count": 0,
    "updated": 0
  },
  {
    "id": "090cadbc-3f7c-4b87-82e6-ed097fb31738",
    "data": [
      {
        "text": "двадцать девятое марта",
        "alias": "date",
        "meta": "@sys.date",
        "userDefined": true
      }
    ],
    "isTemplate": false,
    "count": 0,
    "updated": 0
  }
]