[
  {
    "id": "d6bc2d07-254b-4c31-897c-459d310f2423",
    "data": [
      {
        "text": "прошлый год",
        "alias": "date-period",
        "meta": "@sys.date-period",
        "userDefined": false
      }
    ],
    "isTemplate": false,
    "count": 0,
    "updated": 0
  },
  {
    "id": "03018f31-0f0b-4d2f-bab2-79be137a2a52",
    "data": [
      {
        "text": "рассказать про ",
        "userDefined": false
      },
      {
        "text": "август",
        "alias": "date-period",
        "meta": "@sys.date-period",
        "userDefined": false
      }
    ],
    "isTemplate": false,
    "count": 0,
    "updated": 0
  },
  {
    "id": "46543720-1d1d-4d91-8eff-176421366334",
    "data": [
      {
        "text": "расскажи про ",
        "userDefined": false
      },
      {
        "text": "февраль",
        "alias": "date-period",
        "meta": "@sys.date-period",
        "userDefined": false
      }
    ],
    "isTemplate": false,
    "count": 0,
    "updated": 0
  },
  {
    "id": "9734f035-0831-4f51-97a6-2796c6a6179b",
    "data": [
      {
        "text": "апрель двадцать второго года",
        "alias": "date-period",
        "meta": "@sys.date-period",
        "userDefined": false
      }
    ],
    "isTemplate": false,
    "count": 0,
    "updated": 0
  },
  {
    "id": "0c706a4e-15af-411f-9ae8-afe66e782160",
    "data": [
      {
        "text": "а ты что нибудь знаешь про ",
        "userDefined": false
      },
      {
        "text": "прошлый год",
        "alias": "date-period",
        "meta": "@sys.date-period",
        "userDefined": false
      }
    ],
    "isTemplate": false,
    "count": 0,
    "updated": 0
  },
  {
    "id": "c884faa1-51a0-41a6-b326-187de9c9dcc1",
    "data": [
      {
        "text": "про ",
        "userDefined": false
      },
      {
        "text": "сентябрь",
        "alias": "date-period",
        "meta": "@sys.date-period",
        "userDefined": false
      }
    ],
    "isTemplate": false,
    "count": 0,
    "updated": 0
  },
  {
    "id": "628b2b40-7a3d-4f82-aa56-50b198761645",
    "data": [
      {
        "text": "есть ли ",
        "userDefined": false
      },
      {
        "text": "короткие дни",
        "alias": "daytype",
        "meta": "@DayType",
        "userDefined": true
      },
      {
        "text": " в ",
        "userDefined": false
      },
      {
        "text": "июне",
        "alias": "date-period",
        "meta": "@sys.date-period",
        "userDefined": false
      }
    ],
    "isTemplate": false,
    "count": 0,
    "updated": 0
  },
  {
    "id": "2c5201fe-813d-40e0-9ab0-c436e5896c09",
    "data": [
      {
        "text": "что там в ",
        "userDefined": false
      },
      {
        "text": "мае",
        "alias": "date-period",
        "meta": "@sys.date-period",
        "userDefined": false
      }
    ],
    "isTemplate": false,
    "count": 1,
    "updated": 0
  },
  {
    "id": "fca717f9-c6e4-41e9-b811-e4ba14c75a36",
    "data": [
      {
        "text": "что там в ",
        "userDefined": false
      },
      {
        "text": "июне",
        "alias": "date-period",
        "meta": "@sys.date-period",
        "userDefined": false
      }
    ],
    "isTemplate": false,
    "count": 1,
    "updated": 0
  },
  {
    "id": "e7848868-7635-4cb1-a11f-2a065ec64cad",
    "data": [
      {
        "text": "есть ",
        "userDefined": false
      },
      {
        "text": "праздники",
        "alias": "daytype",
        "meta": "@DayType",
        "userDefined": true
      },
      {
        "text": " в ",
        "userDefined": false
      },
      {
        "text": "июне",
        "alias": "date-period",
        "meta": "@sys.date-period",
        "userDefined": false
      }
    ],
    "isTemplate": false,
    "count": 0,
    "updated": 0
  },
  {
    "id": "34bf88e3-bdb2-43b1-9103-cc1f32167d7a",
    "data": [
      {
        "text": "в ",
        "userDefined": false
      },
      {
        "text": "августе",
        "alias": "date-period",
        "meta": "@sys.date-period",
        "userDefined": false
      },
      {
        "text": " есть ",
        "userDefined": false
      },
      {
        "text": "праздники",
        "alias": "daytype",
        "meta": "@DayType",
        "userDefined": true
      }
    ],
    "isTemplate": false,
    "count": 0,
    "updated": 0
  },
  {
    "id": "e3a42e9a-1210-4431-931d-3b7dcd6de057",
    "data": [
      {
        "text": "жалко а что в ",
        "userDefined": false
      },
      {
        "text": "декабре",
        "alias": "date-period",
        "meta": "@sys.date-period",
        "userDefined": false
      }
    ],
    "isTemplate": false,
    "count": 0,
    "updated": 0
  },
  {
    "id": "25bdd279-a517-4807-a677-d92133ff0793",
    "data": [
      {
        "text": "рига в ",
        "userDefined": false
      },
      {
        "text": "январе две тысячи двадцать первом",
        "alias": "date-period",
        "meta": "@sys.date-period",
        "userDefined": false
      },
      {
        "text": " будут праздники",
        "userDefined": false
      }
    ],
    "isTemplate": false,
    "count": 0,
    "updated": 0
  },
  {
    "id": "a8190120-3a7a-4110-b529-4d1e58c12efa",
    "data": [
      {
        "text": "даже в ",
        "userDefined": false
      },
      {
        "text": "январе двадцать первого",
        "alias": "date-period",
        "meta": "@sys.date-period",
        "userDefined": false
      }
    ],
    "isTemplate": false,
    "count": 0,
    "updated": 0
  },
  {
    "id": "21c78f3e-9f79-4a0d-984d-5ea3e3291f67",
    "data": [
      {
        "text": "январь две тысячи двадцать первого года",
        "alias": "date-period",
        "meta": "@sys.date-period",
        "userDefined": false
      }
    ],
    "isTemplate": false,
    "count": 0,
    "updated": 0
  },
  {
    "id": "93d812c5-e528-425b-a029-73dca661a240",
    "data": [
      {
        "text": "расскажи про ",
        "userDefined": false
      },
      {
        "text": "июнь",
        "alias": "date-period",
        "meta": "@sys.date-period",
        "userDefined": false
      }
    ],
    "isTemplate": false,
    "count": 0,
    "updated": 0
  },
  {
    "id": "6eb64bc5-520e-4a77-bc21-fdf5ed638a16",
    "data": [
      {
        "text": "а что нас ждет в ",
        "userDefined": false
      },
      {
        "text": "мае",
        "alias": "date-period",
        "meta": "@sys.date-period",
        "userDefined": false
      }
    ],
    "isTemplate": false,
    "count": 0,
    "updated": 0
  },
  {
    "id": "9bcb1ce4-0ce3-4c7b-b893-f284dd5d2e4f",
    "data": [
      {
        "text": "апрель",
        "alias": "date-period",
        "meta": "@sys.date-period",
        "userDefined": false
      }
    ],
    "isTemplate": false,
    "count": 0,
    "updated": 0
  },
  {
    "id": "931752af-3174-4c58-bd58-b4ac90677147",
    "data": [
      {
        "text": "май",
        "alias": "date-period",
        "meta": "@sys.date-period",
        "userDefined": true
      }
    ],
    "isTemplate": false,
    "count": 1,
    "updated": 0
  },
  {
    "id": "ef1440d8-fbfd-492e-8e68-12e291e98c15",
    "data": [
      {
        "text": "август",
        "alias": "date-period",
        "meta": "@sys.date-period",
        "userDefined": false
      }
    ],
    "isTemplate": false,
    "count": 1,
    "updated": 0
  },
  {
    "id": "9bd49171-6d9e-4afa-a0fe-8bf109844120",
    "data": [
      {
        "text": "а ",
        "userDefined": false
      },
      {
        "text": "июнь",
        "alias": "date-period",
        "meta": "@sys.date-period",
        "userDefined": false
      }
    ],
    "isTemplate": false,
    "count": 2,
    "updated": 0
  },
  {
    "id": "adc48eeb-e864-4ab6-8619-38bab1c1719d",
    "data": [
      {
        "text": "что тебе известно про ",
        "userDefined": false
      },
      {
        "text": "июнь",
        "alias": "date-period",
        "meta": "@sys.date-period",
        "userDefined": false
      }
    ],
    "isTemplate": false,
    "count": 0,
    "updated": 0
  },
  {
    "id": "7350fbe9-ab82-44f5-9ea7-ab418fbb50a8",
    "data": [
      {
        "text": "какие ",
        "userDefined": false
      },
      {
        "text": "выходные",
        "alias": "daytype",
        "meta": "@DayType",
        "userDefined": true
      },
      {
        "text": " дни в ",
        "userDefined": false
      },
      {
        "text": "мае",
        "alias": "date-period",
        "meta": "@sys.date-period",
        "userDefined": true
      }
    ],
    "isTemplate": false,
    "count": 0,
    "updated": 0
  },
  {
    "id": "4929854a-62c1-4ede-96a2-c4b0664b1d8a",
    "data": [
      {
        "text": "рабочие",
        "alias": "daytype",
        "meta": "@DayType",
        "userDefined": true
      },
      {
        "text": " в ",
        "userDefined": false
      },
      {
        "text": "май",
        "alias": "date-period",
        "meta": "@sys.date-period",
        "userDefined": false
      }
    ],
    "isTemplate": false,
    "count": 1,
    "updated": 0
  },
  {
    "id": "ae4fc6aa-757a-4a83-8a24-caddf7fe8fd7",
    "data": [
      {
        "text": "выходные",
        "alias": "daytype",
        "meta": "@DayType",
        "userDefined": true
      },
      {
        "text": " в ",
        "userDefined": false
      },
      {
        "text": "май",
        "alias": "date-period",
        "meta": "@sys.date-period",
        "userDefined": true
      }
    ],
    "isTemplate": false,
    "count": 1,
    "updated": 0
  },
  {
    "id": "d37f0d1a-ba64-4463-8139-b6c7dbc57692",
    "data": [
      {
        "text": "какие ",
        "userDefined": false
      },
      {
        "text": "выходные дни",
        "alias": "daytype",
        "meta": "@DayType",
        "userDefined": true
      },
      {
        "text": " в ",
        "userDefined": false
      },
      {
        "text": "мае",
        "alias": "date-period",
        "meta": "@sys.date-period",
        "userDefined": true
      }
    ],
    "isTemplate": false,
    "count": 0,
    "updated": 0
  },
  {
    "id": "b0874e2c-6875-4d9d-8a86-d3504e7b6f67",
    "data": [
      {
        "text": "расскажи про ",
        "userDefined": false
      },
      {
        "text": "май",
        "alias": "date-period",
        "meta": "@sys.date-period",
        "userDefined": false
      }
    ],
    "isTemplate": false,
    "count": 2,
    "updated": 0
  },
  {
    "id": "e0bb499b-c563-4eed-b5f7-8364860f7aab",
    "data": [
      {
        "text": "расскажи про ",
        "userDefined": false
      },
      {
        "text": "мае",
        "alias": "date-period",
        "meta": "@sys.date-period",
        "userDefined": false
      }
    ],
    "isTemplate": false,
    "count": 0,
    "updated": 0
  },
  {
    "id": "82a0cb59-5f62-45de-8761-63538d6976af",
    "data": [
      {
        "text": "выходные",
        "alias": "daytype",
        "meta": "@DayType",
        "userDefined": true
      },
      {
        "text": " в ",
        "userDefined": false
      },
      {
        "text": "мае",
        "alias": "date-period",
        "meta": "@sys.date-period",
        "userDefined": true
      }
    ],
    "isTemplate": false,
    "count": 1,
    "updated": 0
  },
  {
    "id": "3cd0d585-7510-4b42-b6da-f695fb3bacd6",
    "data": [
      {
        "text": "какие ",
        "userDefined": false
      },
      {
        "text": "выходные",
        "alias": "daytype",
        "meta": "@DayType",
        "userDefined": true
      },
      {
        "text": " дни в ",
        "userDefined": false
      },
      {
        "text": "мае",
        "alias": "date-period",
        "meta": "@sys.date-period",
        "userDefined": true
      },
      {
        "text": "?",
        "userDefined": false
      }
    ],
    "isTemplate": false,
    "count": 0,
    "updated": 0
  },
  {
    "id": "4896dca8-0477-4c44-b3c2-d1cb149b251b",
    "data": [
      {
        "text": "в ",
        "userDefined": false
      },
      {
        "text": "мае",
        "alias": "date-period",
        "meta": "@sys.date-period",
        "userDefined": true
      },
      {
        "text": " нет ",
        "userDefined": false
      },
      {
        "text": "выходных дней",
        "alias": "daytype",
        "meta": "@DayType",
        "userDefined": true
      },
      {
        "text": "?",
        "userDefined": false
      }
    ],
    "isTemplate": false,
    "count": 0,
    "updated": 0
  },
  {
    "id": "54025525-921f-44ff-a89d-bca7376cc916",
    "data": [
      {
        "text": "а в ",
        "userDefined": false
      },
      {
        "text": "июне",
        "alias": "date-period",
        "meta": "@sys.date-period",
        "userDefined": false
      },
      {
        "text": "?",
        "userDefined": false
      }
    ],
    "isTemplate": false,
    "count": 0,
    "updated": 0
  },
  {
    "id": "8a61a983-b310-47fa-be82-2dda9403e266",
    "data": [
      {
        "text": "расскажи про ",
        "userDefined": false
      },
      {
        "text": "апрель следующего года",
        "alias": "date-period",
        "meta": "@sys.date-period",
        "userDefined": false
      }
    ],
    "isTemplate": false,
    "count": 0,
    "updated": 0
  },
  {
    "id": "8e4c34cd-e02f-4cb3-a58c-13e6dd2ca1ff",
    "data": [
      {
        "text": "расскажи про ",
        "userDefined": false
      },
      {
        "text": "апрель 2021 года",
        "alias": "date-period",
        "meta": "@sys.date-period",
        "userDefined": false
      }
    ],
    "isTemplate": false,
    "count": 0,
    "updated": 0
  },
  {
    "id": "a1eb6b27-1998-41cf-bf2a-4e6d62bafed9",
    "data": [
      {
        "text": "расскажи про ",
        "userDefined": false
      },
      {
        "text": "апрель",
        "alias": "date-period",
        "meta": "@sys.date-period",
        "userDefined": false
      }
    ],
    "isTemplate": false,
    "count": 0,
    "updated": 0
  },
  {
    "id": "558fccf5-f8f5-43cb-ba89-138139b76273",
    "data": [
      {
        "text": "декабрь",
        "alias": "date-period",
        "meta": "@sys.date-period",
        "userDefined": false
      }
    ],
    "isTemplate": false,
    "count": 1,
    "updated": 0
  },
  {
    "id": "22d61bee-8e8b-44b8-9bfe-08536aede178",
    "data": [
      {
        "text": "что там ",
        "userDefined": false
      },
      {
        "text": "с первого по пятнадцатое мая",
        "alias": "date-period",
        "meta": "@sys.date-period",
        "userDefined": false
      }
    ],
    "isTemplate": false,
    "count": 1,
    "updated": 0
  },
  {
    "id": "78a85ce9-c9fe-4ecd-91ac-abe031d8dc60",
    "data": [
      {
        "text": "рабочий",
        "alias": "daytype",
        "meta": "@DayType",
        "userDefined": true
      },
      {
        "text": " и ",
        "userDefined": false
      },
      {
        "text": "выходной",
        "alias": "daytype",
        "meta": "@DayType",
        "userDefined": true
      },
      {
        "text": " в ",
        "userDefined": false
      },
      {
        "text": "мае",
        "alias": "date-period",
        "meta": "@sys.date-period",
        "userDefined": false
      }
    ],
    "isTemplate": false,
    "count": 1,
    "updated": 0
  },
  {
    "id": "b76a378b-1de5-436b-9729-83c29c393d45",
    "data": [
      {
        "text": "март 2019",
        "alias": "date-period",
        "meta": "@sys.date-period",
        "userDefined": false
      }
    ],
    "isTemplate": false,
    "count": 5,
    "updated": 0
  },
  {
    "id": "05743652-36d0-4d26-bb24-660b6861ed4c",
    "data": [
      {
        "text": "что та ",
        "userDefined": false
      },
      {
        "text": "с 1 по 15 мая",
        "alias": "date-period",
        "meta": "@sys.date-period",
        "userDefined": false
      }
    ],
    "isTemplate": false,
    "count": 0,
    "updated": 0
  },
  {
    "id": "c9eab041-3482-48c1-b57a-4142578a5972",
    "data": [
      {
        "text": "а в ",
        "userDefined": false
      },
      {
        "text": "мае",
        "alias": "date-period",
        "meta": "@sys.date-period",
        "userDefined": false
      },
      {
        "text": " есть ",
        "userDefined": false
      },
      {
        "text": "короткие дни",
        "alias": "daytype",
        "meta": "@DayType",
        "userDefined": true
      },
      {
        "text": "?",
        "userDefined": false
      }
    ],
    "isTemplate": false,
    "count": 2,
    "updated": 0
  },
  {
    "id": "b11d73a6-aeb2-48cc-ab5a-7b8f27489ff2",
    "data": [
      {
        "text": "выходные",
        "alias": "daytype",
        "meta": "@DayType",
        "userDefined": true
      },
      {
        "text": " в ",
        "userDefined": false
      },
      {
        "text": "июне",
        "alias": "date-period",
        "meta": "@sys.date-period",
        "userDefined": true
      }
    ],
    "isTemplate": false,
    "count": 1,
    "updated": 0
  },
  {
    "id": "aa44c398-0ff3-43f6-8325-7c80e58f1f9f",
    "data": [
      {
        "text": "когда уже ",
        "userDefined": false
      },
      {
        "text": "выходные",
        "alias": "daytype",
        "meta": "@DayType",
        "userDefined": true
      }
    ],
    "isTemplate": false,
    "count": 1,
    "updated": 0
  },
  {
    "id": "04f6f9c1-cdca-467c-9e7d-5bae206fcc64",
    "data": [
      {
        "text": "что там в ",
        "userDefined": false
      },
      {
        "text": "сентябре",
        "alias": "date-period",
        "meta": "@sys.date-period",
        "userDefined": false
      }
    ],
    "isTemplate": false,
    "count": 5,
    "updated": 0
  },
  {
    "id": "b4220abf-ea49-4ad1-b218-afad90760777",
    "data": [
      {
        "text": "в ",
        "userDefined": false
      },
      {
        "text": "декабре",
        "alias": "date-period",
        "meta": "@sys.date-period",
        "userDefined": false
      },
      {
        "text": " будут ",
        "userDefined": false
      },
      {
        "text": "короткие дни",
        "alias": "daytype",
        "meta": "@DayType",
        "userDefined": true
      },
      {
        "text": "?",
        "userDefined": false
      }
    ],
    "isTemplate": false,
    "count": 0,
    "updated": 0
  },
  {
    "id": "89a249ed-8653-4582-9fe1-24486dade14a",
    "data": [
      {
        "text": "а в ",
        "userDefined": false
      },
      {
        "text": "мае 21го года",
        "alias": "date-period",
        "meta": "@sys.date-period",
        "userDefined": false
      },
      {
        "text": " когда ",
        "userDefined": false
      },
      {
        "text": "праздники",
        "alias": "daytype",
        "meta": "@DayType",
        "userDefined": true
      }
    ],
    "isTemplate": false,
    "count": 0,
    "updated": 0
  },
  {
    "id": "adb329e5-4744-4a5a-8fba-ebb60b657362",
    "data": [
      {
        "text": "выходные",
        "alias": "daytype",
        "meta": "@DayType",
        "userDefined": true
      },
      {
        "text": " ",
        "userDefined": false
      },
      {
        "text": "в июне",
        "alias": "date-period",
        "meta": "@sys.date-period",
        "userDefined": true
      }
    ],
    "isTemplate": false,
    "count": 0,
    "updated": 0
  },
  {
    "id": "aff1c9d9-6a0c-4f8b-b3f5-e11b20062974",
    "data": [
      {
        "text": "рабочий",
        "alias": "daytype",
        "meta": "@DayType",
        "userDefined": true
      },
      {
        "text": " и ",
        "userDefined": false
      },
      {
        "text": "выходной",
        "alias": "daytype",
        "meta": "@DayType",
        "userDefined": true
      },
      {
        "text": " в ",
        "userDefined": false
      },
      {
        "text": "апреле",
        "alias": "date-period",
        "meta": "@sys.date-period",
        "userDefined": false
      }
    ],
    "isTemplate": false,
    "count": 2,
    "updated": 0
  },
  {
    "id": "f50bf0b1-2242-4571-bd2e-2857ef94927e",
    "data": [
      {
        "text": "выходные",
        "alias": "daytype",
        "meta": "@DayType",
        "userDefined": true
      },
      {
        "text": " ",
        "userDefined": false
      },
      {
        "text": "на этой неделе",
        "alias": "date-period",
        "meta": "@sys.date-period",
        "userDefined": true
      }
    ],
    "isTemplate": false,
    "count": 3,
    "updated": 0
  },
  {
    "id": "1a024144-5a38-4977-add9-0e4ef217319e",
    "data": [
      {
        "text": "эта неделя",
        "alias": "date-period",
        "meta": "@sys.date-period",
        "userDefined": false
      }
    ],
    "isTemplate": false,
    "count": 0,
    "updated": 0
  },
  {
    "id": "e6bd71f3-3c71-4406-a44e-297d12c2e254",
    "data": [
      {
        "text": "этой неделе",
        "alias": "date-period",
        "meta": "@sys.date-period",
        "userDefined": false
      }
    ],
    "isTemplate": false,
    "count": 0,
    "updated": 0
  },
  {
    "id": "8503d022-cf0e-44fc-a4ca-ad2d0de0a292",
    "data": [
      {
        "text": "на ",
        "userDefined": false
      },
      {
        "text": "этой неделе",
        "alias": "date-period",
        "meta": "@sys.date-period",
        "userDefined": false
      }
    ],
    "isTemplate": false,
    "count": 0,
    "updated": 0
  },
  {
    "id": "ed21d0a5-f3f6-40fd-aaed-2a75864118e2",
    "data": [
      {
        "text": "выходной",
        "alias": "daytype",
        "meta": "@DayType",
        "userDefined": true
      },
      {
        "text": " в ",
        "userDefined": false
      },
      {
        "text": "мае",
        "alias": "date-period",
        "meta": "@sys.date-period",
        "userDefined": false
      }
    ],
    "isTemplate": false,
    "count": 1,
    "updated": 0
  },
  {
    "id": "2287355c-f9d6-4025-8e6d-6ab462bd54e4",
    "data": [
      {
        "text": "когда ",
        "userDefined": false
      },
      {
        "text": "работать",
        "alias": "daytype",
        "meta": "@DayType",
        "userDefined": true
      },
      {
        "text": " в ",
        "userDefined": false
      },
      {
        "text": "мае",
        "alias": "date-period",
        "meta": "@sys.date-period",
        "userDefined": false
      }
    ],
    "isTemplate": false,
    "count": 0,
    "updated": 0
  },
  {
    "id": "9a0f1cdd-502c-4540-bae0-b9c013e88862",
    "data": [
      {
        "text": "кода ",
        "userDefined": false
      },
      {
        "text": "отдых",
        "alias": "daytype",
        "meta": "@DayType",
        "userDefined": true
      },
      {
        "text": " в ",
        "userDefined": false
      },
      {
        "text": "мае",
        "alias": "date-period",
        "meta": "@sys.date-period",
        "userDefined": false
      }
    ],
    "isTemplate": false,
    "count": 0,
    "updated": 0
  },
  {
    "id": "ef8f5b2e-9835-4e18-9471-63ca6d5d461a",
    "data": [
      {
        "text": "отдыхаем",
        "alias": "daytype",
        "meta": "@DayType",
        "userDefined": true
      },
      {
        "text": " в ",
        "userDefined": false
      },
      {
        "text": "мае",
        "alias": "date-period",
        "meta": "@sys.date-period",
        "userDefined": false
      }
    ],
    "isTemplate": false,
    "count": 1,
    "updated": 0
  },
  {
    "id": "8ef898ac-a3c2-4eaa-ac8c-8c9b35ba4025",
    "data": [
      {
        "text": "короткие дни",
        "alias": "daytype",
        "meta": "@DayType",
        "userDefined": true
      },
      {
        "text": " в ",
        "userDefined": false
      },
      {
        "text": "мае",
        "alias": "date-period",
        "meta": "@sys.date-period",
        "userDefined": false
      }
    ],
    "isTemplate": false,
    "count": 0,
    "updated": 0
  },
  {
    "id": "0442cafa-8c68-4534-b7c6-3c4537ec8e1b",
    "data": [
      {
        "text": "выходной",
        "alias": "daytype",
        "meta": "@DayType",
        "userDefined": true
      },
      {
        "text": " в ",
        "userDefined": false
      },
      {
        "text": "июне",
        "alias": "date-period",
        "meta": "@sys.date-period",
        "userDefined": false
      }
    ],
    "isTemplate": false,
    "count": 0,
    "updated": 0
  },
  {
    "id": "afdcff6b-53e0-4229-8cd0-0868b360e687",
    "data": [
      {
        "text": "когда ",
        "userDefined": false
      },
      {
        "text": "выходные",
        "alias": "daytype",
        "meta": "@DayType",
        "userDefined": true
      },
      {
        "text": " и ",
        "userDefined": false
      },
      {
        "text": "праздничные",
        "alias": "daytype",
        "meta": "@DayType",
        "userDefined": true
      },
      {
        "text": " дни в ",
        "userDefined": false
      },
      {
        "text": "мае",
        "alias": "date-period",
        "meta": "@sys.date-period",
        "userDefined": true
      }
    ],
    "isTemplate": false,
    "count": 2,
    "updated": 0
  },
  {
    "id": "c59bb5ee-5dc4-458d-99d0-d9756ed1b45c",
    "data": [
      {
        "text": "когда ",
        "userDefined": false
      },
      {
        "text": "выходные",
        "alias": "daytype",
        "meta": "@DayType",
        "userDefined": true
      },
      {
        "text": " и ",
        "userDefined": false
      },
      {
        "text": "праздничные",
        "alias": "daytype",
        "meta": "@DayType",
        "userDefined": true
      },
      {
        "text": " дни в маq",
        "userDefined": false
      }
    ],
    "isTemplate": false,
    "count": 0,
    "updated": 0
  },
  {
    "id": "4494f471-628b-4fba-b959-02b544b6a438",
    "data": [
      {
        "text": "когда ",
        "userDefined": false
      },
      {
        "text": "выходные",
        "alias": "daytype",
        "meta": "@DayType",
        "userDefined": true
      },
      {
        "text": " и ",
        "userDefined": false
      },
      {
        "text": "праздничные",
        "alias": "daytype",
        "meta": "@DayType",
        "userDefined": true
      },
      {
        "text": " дни в ",
        "userDefined": false
      },
      {
        "text": "май",
        "alias": "date-period",
        "meta": "@sys.date-period",
        "userDefined": true
      }
    ],
    "isTemplate": false,
    "count": 0,
    "updated": 0
  },
  {
    "id": "9cd57b01-cda1-4b02-b0f7-5f5a1c4c37e9",
    "data": [
      {
        "text": "отдых",
        "alias": "daytype",
        "meta": "@DayType",
        "userDefined": true
      },
      {
        "text": " в ",
        "userDefined": false
      },
      {
        "text": "мае",
        "alias": "date-period",
        "meta": "@sys.date-period",
        "userDefined": false
      }
    ],
    "isTemplate": false,
    "count": 1,
    "updated": 0
  },
  {
    "id": "12116c72-e868-448e-b864-2f234914d798",
    "data": [
      {
        "text": "когда ",
        "userDefined": false
      },
      {
        "text": "выходные",
        "alias": "daytype",
        "meta": "@DayType",
        "userDefined": false
      },
      {
        "text": " и ",
        "userDefined": false
      },
      {
        "text": "праздничные дни",
        "alias": "daytype",
        "meta": "@DayType",
        "userDefined": true
      },
      {
        "text": " в ",
        "userDefined": false
      },
      {
        "text": "мае",
        "alias": "date-period",
        "meta": "@sys.date-period",
        "userDefined": true
      }
    ],
    "isTemplate": false,
    "count": 2,
    "updated": 0
  },
  {
    "id": "b68494f8-afa6-4043-9857-86f0aa80fe41",
    "data": [
      {
        "text": "когда ",
        "userDefined": false
      },
      {
        "text": "выходные",
        "alias": "daytype",
        "meta": "@DayType",
        "userDefined": false
      },
      {
        "text": " и ",
        "userDefined": false
      },
      {
        "text": "праздничные дни",
        "alias": "daytype",
        "meta": "@DayType",
        "userDefined": true
      },
      {
        "text": " в маq",
        "userDefined": false
      }
    ],
    "isTemplate": false,
    "count": 0,
    "updated": 0
  },
  {
    "id": "385426d4-9584-4d0e-94c3-24cb1dd0c549",
    "data": [
      {
        "text": "когда ",
        "userDefined": false
      },
      {
        "text": "выходные",
        "alias": "daytype",
        "meta": "@DayType",
        "userDefined": false
      },
      {
        "text": " и ",
        "userDefined": false
      },
      {
        "text": "праздничные дни",
        "alias": "daytype",
        "meta": "@DayType",
        "userDefined": true
      },
      {
        "text": " в ",
        "userDefined": false
      },
      {
        "text": "май",
        "alias": "date-period",
        "meta": "@sys.date-period",
        "userDefined": true
      }
    ],
    "isTemplate": false,
    "count": 0,
    "updated": 0
  },
  {
    "id": "937a0268-fced-4975-aaef-1775265507c1",
    "data": [
      {
        "text": "когда ",
        "userDefined": false
      },
      {
        "text": "выходные",
        "alias": "daytype",
        "meta": "@DayType",
        "userDefined": false
      },
      {
        "text": " в ",
        "userDefined": false
      },
      {
        "text": "мае",
        "alias": "date-period",
        "meta": "@sys.date-period",
        "userDefined": true
      }
    ],
    "isTemplate": false,
    "count": 0,
    "updated": 0
  },
  {
    "id": "3428c435-e53d-415e-96ae-0cc10a9e1b33",
    "data": [
      {
        "text": "рабочие",
        "alias": "daytype",
        "meta": "@DayType",
        "userDefined": true
      },
      {
        "text": " и ",
        "userDefined": false
      },
      {
        "text": "выходные",
        "alias": "daytype",
        "meta": "@DayType",
        "userDefined": false
      },
      {
        "text": " в ",
        "userDefined": false
      },
      {
        "text": "сентябре",
        "alias": "date-period",
        "meta": "@sys.date-period",
        "userDefined": true
      }
    ],
    "isTemplate": false,
    "count": 0,
    "updated": 0
  },
  {
    "id": "6f2fa0e9-3edd-43d2-acc2-6fe898fa43bf",
    "data": [
      {
        "text": "в ",
        "userDefined": false
      },
      {
        "text": "сентябре",
        "alias": "date-period",
        "meta": "@sys.date-period",
        "userDefined": false
      }
    ],
    "isTemplate": false,
    "count": 0,
    "updated": 0
  },
  {
    "id": "d8c2df01-44e5-4df2-9382-4c933941e56d",
    "data": [
      {
        "text": "рабочие",
        "alias": "daytype",
        "meta": "@DayType",
        "userDefined": false
      },
      {
        "text": " и ",
        "userDefined": false
      },
      {
        "text": "выходные",
        "alias": "daytype",
        "meta": "@DayType",
        "userDefined": true
      }
    ],
    "isTemplate": false,
    "count": 0,
    "updated": 0
  },
  {
    "id": "bc9f7e82-e67b-475f-9219-a02d2cc5c8e4",
    "data": [
      {
        "text": "выходные",
        "alias": "daytype",
        "meta": "@DayType",
        "userDefined": false
      },
      {
        "text": " и ",
        "userDefined": false
      },
      {
        "text": "рабочие",
        "alias": "daytype",
        "meta": "@DayType",
        "userDefined": true
      }
    ],
    "isTemplate": false,
    "count": 0,
    "updated": 0
  },
  {
    "id": "a41fa4b2-6eff-437d-929e-5849583e7ecd",
    "data": [
      {
        "text": "короткие",
        "alias": "daytype",
        "meta": "@DayType",
        "userDefined": false
      },
      {
        "text": " дни в ",
        "userDefined": false
      },
      {
        "text": "июне",
        "alias": "date-period",
        "meta": "@sys.date-period",
        "userDefined": false
      }
    ],
    "isTemplate": false,
    "count": 0,
    "updated": 0
  },
  {
    "id": "3bdab70c-9cd5-437c-ad6f-3fc236ea682d",
    "data": [
      {
        "text": "когда ближайшие ",
        "userDefined": false
      },
      {
        "text": "выходные",
        "alias": "daytype",
        "meta": "@DayType",
        "userDefined": false
      }
    ],
    "isTemplate": false,
    "count": 1,
    "updated": 0
  },
  {
    "id": "3aa4bf31-48db-4487-9400-5ae92339825c",
    "data": [
      {
        "text": "Отдых",
        "alias": "daytype",
        "meta": "@DayType",
        "userDefined": false
      },
      {
        "text": " в ",
        "userDefined": false
      },
      {
        "text": "марте",
        "alias": "date-period",
        "meta": "@sys.date-period",
        "userDefined": false
      }
    ],
    "isTemplate": false,
    "count": 1,
    "updated": 0
  },
  {
    "id": "a4415051-d739-4262-98ea-82dd01134bee",
    "data": [
      {
        "text": "отдыхаем",
        "alias": "daytype",
        "meta": "@DayType",
        "userDefined": false
      },
      {
        "text": " в ",
        "userDefined": false
      },
      {
        "text": "марте",
        "alias": "date-period",
        "meta": "@sys.date-period",
        "userDefined": false
      }
    ],
    "isTemplate": false,
    "count": 1,
    "updated": 0
  },
  {
    "id": "dfb2c105-f59b-4e94-8515-7eb503806082",
    "data": [
      {
        "text": "отдых",
        "alias": "daytype",
        "meta": "@DayType",
        "userDefined": false
      },
      {
        "text": " в ",
        "userDefined": false
      },
      {
        "text": "апреле",
        "alias": "date-period",
        "meta": "@sys.date-period",
        "userDefined": false
      }
    ],
    "isTemplate": false,
    "count": 1,
    "updated": 0
  },
  {
    "id": "37659982-2621-4bab-8aaa-42233317dea4",
    "data": [
      {
        "text": "скоращённые дни",
        "alias": "daytype",
        "meta": "@DayType",
        "userDefined": false
      },
      {
        "text": " в ",
        "userDefined": false
      },
      {
        "text": "июне",
        "alias": "date-period",
        "meta": "@sys.date-period",
        "userDefined": false
      }
    ],
    "isTemplate": false,
    "count": 2,
    "updated": 0
  },
  {
    "id": "45aa96de-4506-4f0f-bf29-de0b13062a9c",
    "data": [
      {
        "text": "сокращённые",
        "alias": "daytype",
        "meta": "@DayType",
        "userDefined": false
      },
      {
        "text": " дни в ",
        "userDefined": false
      },
      {
        "text": "июле",
        "alias": "date-period",
        "meta": "@sys.date-period",
        "userDefined": false
      }
    ],
    "isTemplate": false,
    "count": 1,
    "updated": 0
  },
  {
    "id": "f06b9e1e-8e78-4160-802e-734e08da248f",
    "data": [
      {
        "text": "что там в ",
        "userDefined": false
      },
      {
        "text": "августе",
        "alias": "date-period",
        "meta": "@sys.date-period",
        "userDefined": false
      }
    ],
    "isTemplate": false,
    "count": 1,
    "updated": 0
  },
  {
    "id": "fc148691-eb8e-4ac7-9ebf-2831033e47a4",
    "data": [
      {
        "text": "афгуст",
        "alias": "date-period",
        "meta": "@sys.date-period",
        "userDefined": false
      }
    ],
    "isTemplate": false,
    "count": 1,
    "updated": 0
  },
  {
    "id": "ccbba889-5888-4325-a65a-1cccc2f0dec8",
    "data": [
      {
        "text": "сколько ",
        "userDefined": false
      },
      {
        "text": "рабочих  дней",
        "alias": "daytype",
        "meta": "@DayType",
        "userDefined": false
      },
      {
        "text": " в ",
        "userDefined": false
      },
      {
        "text": "сентябре",
        "alias": "date-period",
        "meta": "@sys.date-period",
        "userDefined": false
      }
    ],
    "isTemplate": false,
    "count": 1,
    "updated": 0
  },
  {
    "id": "89e538f8-1d54-46fa-891c-6da6ae193392",
    "data": [
      {
        "text": "короткие дни",
        "alias": "daytype",
        "meta": "@DayType",
        "userDefined": false
      },
      {
        "text": " в ",
        "userDefined": false
      },
      {
        "text": "октябре",
        "alias": "date-period",
        "meta": "@sys.date-period",
        "userDefined": false
      }
    ],
    "isTemplate": false,
    "count": 1,
    "updated": 0
  },
  {
    "id": "e3ac61a0-bdd3-4000-b67e-277a68e79e40",
    "data": [
      {
        "text": "отдых",
        "alias": "daytype",
        "meta": "@DayType",
        "userDefined": false
      },
      {
        "text": " в ",
        "userDefined": false
      },
      {
        "text": "ноябре",
        "alias": "date-period",
        "meta": "@sys.date-period",
        "userDefined": false
      }
    ],
    "isTemplate": false,
    "count": 1,
    "updated": 0
  },
  {
    "id": "28bb1a8c-7dae-45b3-9353-a5575b296e36",
    "data": [
      {
        "text": "в ",
        "userDefined": false
      },
      {
        "text": "декабре",
        "alias": "date-period",
        "meta": "@sys.date-period",
        "userDefined": true
      },
      {
        "text": " есть ",
        "userDefined": false
      },
      {
        "text": "выходные",
        "alias": "daytype",
        "meta": "@DayType",
        "userDefined": false
      },
      {
        "text": "?",
        "userDefined": false
      }
    ],
    "isTemplate": false,
    "count": 3,
    "updated": 0
  },
  {
    "id": "140052d1-3100-48f3-b47b-2870ef0b8c19",
    "data": [
      {
        "text": "в ",
        "userDefined": false
      },
      {
        "text": "декабре",
        "alias": "date-period",
        "meta": "@sys.date-period",
        "userDefined": false
      }
    ],
    "isTemplate": false,
    "count": 1,
    "updated": 0
  },
  {
    "id": "0c0e4362-d16a-461a-b91b-0afa1abfb97f",
    "data": [
      {
        "text": "в ",
        "userDefined": false
      },
      {
        "text": "декабре",
        "alias": "date-period",
        "meta": "@sys.date-period",
        "userDefined": true
      },
      {
        "text": " есть ",
        "userDefined": false
      },
      {
        "text": "выходные",
        "alias": "daytype",
        "meta": "@DayType",
        "userDefined": false
      }
    ],
    "isTemplate": false,
    "count": 0,
    "updated": 0
  },
  {
    "id": "4af2ef79-b9bc-4027-b361-934e042b5cfd",
    "data": [
      {
        "text": "выходные",
        "alias": "daytype",
        "meta": "@DayType",
        "userDefined": false
      },
      {
        "text": " в ",
        "userDefined": false
      },
      {
        "text": "декабре",
        "alias": "date-period",
        "meta": "@sys.date-period",
        "userDefined": true
      }
    ],
    "isTemplate": false,
    "count": 0,
    "updated": 0
  },
  {
    "id": "60af55f7-a1fc-40cd-8480-0c6bb1785df9",
    "data": [
      {
        "text": "что там  в ",
        "userDefined": false
      },
      {
        "text": "май",
        "alias": "date-period",
        "meta": "@sys.date-period",
        "userDefined": false
      }
    ],
    "isTemplate": false,
    "count": 1,
    "updated": 0
  },
  {
    "id": "2c7fe9b2-3460-489d-950f-3aa3301b8a06",
    "data": [
      {
        "text": "расскажи про ",
        "userDefined": false
      },
      {
        "text": "выходные",
        "alias": "daytype",
        "meta": "@DayType",
        "userDefined": false
      },
      {
        "text": " в ",
        "userDefined": false
      },
      {
        "text": "мае",
        "alias": "date-period",
        "meta": "@sys.date-period",
        "userDefined": true
      }
    ],
    "isTemplate": false,
    "count": 0,
    "updated": 0
  },
  {
    "id": "530cd125-f413-4e06-8f35-c0337fba3fc6",
    "data": [
      {
        "text": "расскажи про ",
        "userDefined": false
      },
      {
        "text": "выходные",
        "alias": "daytype",
        "meta": "@DayType",
        "userDefined": false
      },
      {
        "text": " в ",
        "userDefined": false
      },
      {
        "text": "июне",
        "alias": "date-period",
        "meta": "@sys.date-period",
        "userDefined": true
      }
    ],
    "isTemplate": false,
    "count": 0,
    "updated": 0
  },
  {
    "id": "2fe675a0-0254-4b64-81bf-043ad282c153",
    "data": [
      {
        "text": "работа",
        "alias": "daytype",
        "meta": "@DayType",
        "userDefined": false
      },
      {
        "text": " в ",
        "userDefined": false
      },
      {
        "text": "мае",
        "alias": "date-period",
        "meta": "@sys.date-period",
        "userDefined": false
      }
    ],
    "isTemplate": false,
    "count": 2,
    "updated": 0
  },
  {
    "id": "1878d654-4e8e-47f8-8fa0-25da75ad6285",
    "data": [
      {
        "text": "рабочие дни",
        "alias": "daytype",
        "meta": "@DayType",
        "userDefined": false
      },
      {
        "text": " в ",
        "userDefined": false
      },
      {
        "text": "мае",
        "alias": "date-period",
        "meta": "@sys.date-period",
        "userDefined": false
      }
    ],
    "isTemplate": false,
    "count": 0,
    "updated": 0
  },
  {
    "id": "2c4670a5-91ed-44ec-8a78-36f4dbb35b39",
    "data": [
      {
        "text": "рабочий",
        "alias": "daytype",
        "meta": "@DayType",
        "userDefined": false
      },
      {
        "text": " в ",
        "userDefined": false
      },
      {
        "text": "мае",
        "alias": "date-period",
        "meta": "@sys.date-period",
        "userDefined": false
      }
    ],
    "isTemplate": false,
    "count": 0,
    "updated": 0
  },
  {
    "id": "0a3228aa-eb88-4e3c-9a24-b0457ae2e131",
    "data": [
      {
        "text": "рабочие",
        "alias": "daytype",
        "meta": "@DayType",
        "userDefined": false
      },
      {
        "text": " в ",
        "userDefined": false
      },
      {
        "text": "мае",
        "alias": "date-period",
        "meta": "@sys.date-period",
        "userDefined": false
      }
    ],
    "isTemplate": false,
    "count": 0,
    "updated": 0
  },
  {
    "id": "934c66bf-fe36-412d-8481-6bf1e98f36a2",
    "data": [
      {
        "text": "отдых",
        "alias": "daytype",
        "meta": "@DayType",
        "userDefined": false
      },
      {
        "text": " в ",
        "userDefined": false
      },
      {
        "text": "сентябре",
        "alias": "date-period",
        "meta": "@sys.date-period",
        "userDefined": false
      }
    ],
    "isTemplate": false,
    "count": 0,
    "updated": 0
  },
  {
    "id": "d0076ba4-cda4-4c33-8c5a-57b0a749133c",
    "data": [
      {
        "text": "когда ",
        "userDefined": false
      },
      {
        "text": "отдыхаем",
        "alias": "daytype",
        "meta": "@DayType",
        "userDefined": false
      },
      {
        "text": " в ",
        "userDefined": false
      },
      {
        "text": "декабре",
        "alias": "date-period",
        "meta": "@sys.date-period",
        "userDefined": false
      }
    ],
    "isTemplate": false,
    "count": 0,
    "updated": 0
  },
  {
    "id": "8635a2d9-5f66-45b6-bf6b-65d2e096f7e8",
    "data": [
      {
        "text": "отдыхаем",
        "alias": "daytype",
        "meta": "@DayType",
        "userDefined": false
      },
      {
        "text": " в ",
        "userDefined": false
      },
      {
        "text": "январе",
        "alias": "date-period",
        "meta": "@sys.date-period",
        "userDefined": false
      }
    ],
    "isTemplate": false,
    "count": 0,
    "updated": 0
  },
  {
    "id": "4a7c9054-b0d6-4ae8-bd5f-d4790ffb8704",
    "data": [
      {
        "text": "отдых",
        "alias": "daytype",
        "meta": "@DayType",
        "userDefined": false
      },
      {
        "text": " в ",
        "userDefined": false
      },
      {
        "text": "феврале",
        "alias": "date-period",
        "meta": "@sys.date-period",
        "userDefined": false
      }
    ],
    "isTemplate": false,
    "count": 0,
    "updated": 0
  },
  {
    "id": "41333398-0cba-4cbc-9cf6-cb49e7d7669a",
    "data": [
      {
        "text": "сколько ",
        "userDefined": false
      },
      {
        "text": "рабочий дней",
        "alias": "daytype",
        "meta": "@DayType",
        "userDefined": false
      },
      {
        "text": " в ",
        "userDefined": false
      },
      {
        "text": "январе",
        "alias": "date-period",
        "meta": "@sys.date-period",
        "userDefined": false
      }
    ],
    "isTemplate": false,
    "count": 1,
    "updated": 0
  },
  {
    "id": "c82b0d3d-2e71-4161-b5d1-f9c0bfbe8beb",
    "data": [
      {
        "text": "сколько ",
        "userDefined": false
      },
      {
        "text": "выходных",
        "alias": "daytype",
        "meta": "@DayType",
        "userDefined": false
      },
      {
        "text": " в ",
        "userDefined": false
      },
      {
        "text": "мае",
        "alias": "date-period",
        "meta": "@sys.date-period",
        "userDefined": true
      }
    ],
    "isTemplate": false,
    "count": 1,
    "updated": 0
  },
  {
    "id": "7326caeb-aa4c-4b44-9916-da88ed6a5c5e",
    "data": [
      {
        "text": "май-месяц",
        "alias": "date-period",
        "meta": "@sys.date-period",
        "userDefined": true
      }
    ],
    "isTemplate": false,
    "count": 0,
    "updated": 0
  },
  {
    "id": "b34ac091-8f6b-4625-a4b1-97cabb8bafc2",
    "data": [
      {
        "text": "месяц-",
        "userDefined": false
      },
      {
        "text": "май",
        "alias": "date-period",
        "meta": "@sys.date-period",
        "userDefined": true
      }
    ],
    "isTemplate": false,
    "count": 0,
    "updated": 0
  },
  {
    "id": "e76b9c7e-e9f0-48e2-8e6b-c5fa9d52096e",
    "data": [
      {
        "text": "июль",
        "alias": "date-period",
        "meta": "@sys.date-period",
        "userDefined": true
      }
    ],
    "isTemplate": false,
    "count": 0,
    "updated": 0
  },
  {
    "id": "dfc66b12-1a0d-496a-9631-a43a42086f00",
    "data": [
      {
        "text": "сколько ",
        "userDefined": false
      },
      {
        "text": "работаем",
        "alias": "daytype",
        "meta": "@DayType",
        "userDefined": false
      },
      {
        "text": " в ",
        "userDefined": false
      },
      {
        "text": "апреле",
        "alias": "date-period",
        "meta": "@sys.date-period",
        "userDefined": false
      }
    ],
    "isTemplate": false,
    "count": 0,
    "updated": 0
  },
  {
    "id": "91808303-8751-49ff-8df8-aa1e1bff1bee",
    "data": [
      {
        "text": "Что там в ",
        "userDefined": false
      },
      {
        "text": "мае",
        "alias": "date-period",
        "meta": "@sys.date-period",
        "userDefined": false
      }
    ],
    "isTemplate": false,
    "count": 0,
    "updated": 0
  },
  {
    "id": "06bf3fe6-84c4-46ba-bb66-22c1680961ad",
    "data": [
      {
        "text": "сколько ",
        "userDefined": false
      },
      {
        "text": "работать",
        "alias": "daytype",
        "meta": "@DayType",
        "userDefined": false
      },
      {
        "text": " в ",
        "userDefined": false
      },
      {
        "text": "августе",
        "alias": "date-period",
        "meta": "@sys.date-period",
        "userDefined": false
      }
    ],
    "isTemplate": false,
    "count": 0,
    "updated": 0
  },
  {
    "id": "c1a960f8-b4ef-4fcd-bdc7-234624adb59a",
    "data": [
      {
        "text": "расскажи",
        "meta": "@sys.ignore",
        "userDefined": false
      },
      {
        "text": " про ",
        "userDefined": false
      },
      {
        "text": "выходные",
        "alias": "daytype",
        "meta": "@DayType",
        "userDefined": true
      },
      {
        "text": " в ",
        "userDefined": false
      },
      {
        "text": "мае",
        "alias": "date-period",
        "meta": "@sys.date-period",
        "userDefined": true
      }
    ],
    "isTemplate": false,
    "count": 0,
    "updated": 0
  },
  {
    "id": "2233de0c-1f1c-4fe6-81f9-bb72b493a92c",
    "data": [
      {
        "text": "расскажи",
        "meta": "@sys.ignore",
        "userDefined": false
      },
      {
        "text": " про ",
        "userDefined": false
      },
      {
        "text": "выходные",
        "alias": "daytype",
        "meta": "@DayType",
        "userDefined": true
      },
      {
        "text": " в ",
        "userDefined": false
      },
      {
        "text": "июне",
        "alias": "date-period",
        "meta": "@sys.date-period",
        "userDefined": true
      }
    ],
    "isTemplate": false,
    "count": 0,
    "updated": 0
  },
  {
    "id": "0db42790-2ed6-43cb-8c04-449937aa1d8d",
    "data": [
      {
        "text": "Что там",
        "meta": "@sys.ignore",
        "userDefined": false
      },
      {
        "text": " в ",
        "userDefined": false
      },
      {
        "text": "мае",
        "alias": "date-period",
        "meta": "@sys.date-period",
        "userDefined": false
      }
    ],
    "isTemplate": false,
    "count": 0,
    "updated": 0
  },
  {
    "id": "a2821470-fbf4-4277-bae8-40943f12a43c",
    "data": [
      {
        "text": "сколько ",
        "userDefined": false
      },
      {
        "text": "работаем",
        "alias": "daytype",
        "meta": "@DayType",
        "userDefined": true
      },
      {
        "text": " в ",
        "userDefined": false
      },
      {
        "text": "сентябре",
        "alias": "date-period",
        "meta": "@sys.date-period",
        "userDefined": true
      }
    ],
    "isTemplate": false,
    "count": 0,
    "updated": 0
  },
  {
    "id": "26e6785a-a3f7-4618-aa23-998499e3f608",
    "data": [
      {
        "text": "сколько ",
        "userDefined": false
      },
      {
        "text": "выходных",
        "alias": "daytype",
        "meta": "@DayType",
        "userDefined": false
      },
      {
        "text": " в ",
        "userDefined": false
      },
      {
        "text": "июне",
        "alias": "date-period",
        "meta": "@sys.date-period",
        "userDefined": true
      }
    ],
    "isTemplate": false,
    "count": 0,
    "updated": 0
  },
  {
    "id": "b28313f2-7fad-4791-9b9c-98441e60c4eb",
    "data": [
      {
        "text": "Сколько ",
        "userDefined": false
      },
      {
        "text": "рабочих дней",
        "alias": "daytype",
        "meta": "@DayType",
        "userDefined": false
      },
      {
        "text": " в ",
        "userDefined": false
      },
      {
        "text": "мае",
        "alias": "date-period",
        "meta": "@sys.date-period",
        "userDefined": true
      }
    ],
    "isTemplate": false,
    "count": 0,
    "updated": 0
  }
]