[
  {
    "id": "29a533f5-f8bb-4309-815d-04b4a4cc2cc2",
    "data": [
      {
        "text": "привет",
        "userDefined": false
      }
    ],
    "isTemplate": false,
    "count": 3,
    "updated": 0
  },
  {
    "id": "f6a53b2c-a15c-415b-887a-7104b007e861",
    "data": [
      {
        "text": "чё",
        "meta": "@sys.ignore",
        "userDefined": false
      },
      {
        "text": "-как",
        "userDefined": false
      }
    ],
    "isTemplate": false,
    "count": 0,
    "updated": 0
  },
  {
    "id": "bcabe82b-6c32-4290-845b-b6ebd68e019f",
    "data": [
      {
        "text": "привет привет",
        "userDefined": false
      }
    ],
    "isTemplate": false,
    "count": 0,
    "updated": 0
  },
  {
    "id": "7fa0a08a-b775-4591-b668-ba9fdb44fe8d",
    "data": [
      {
        "text": "здравствуй",
        "userDefined": false
      }
    ],
    "isTemplate": false,
    "count": 0,
    "updated": 0
  },
  {
    "id": "982afe8e-ac56-4f04-b1a7-d9c1344a9830",
    "data": [
      {
        "text": "приветствую",
        "userDefined": false
      }
    ],
    "isTemplate": false,
    "count": 0,
    "updated": 0
  },
  {
    "id": "58cc2298-728e-45fa-a058-9eb9acbf5b6e",
    "data": [
      {
        "text": "всем привет",
        "userDefined": false
      }
    ],
    "isTemplate": false,
    "count": 0,
    "updated": 0
  },
  {
    "id": "1697445e-50b0-4dfb-b445-b466ac22bdef",
    "data": [
      {
        "text": "хей",
        "userDefined": false
      }
    ],
    "isTemplate": false,
    "count": 0,
    "updated": 0
  },
  {
    "id": "c8aa1403-9bcf-4d86-97e5-2d25924850b0",
    "data": [
      {
        "text": "чао",
        "userDefined": false
      }
    ],
    "isTemplate": false,
    "count": 0,
    "updated": 0
  },
  {
    "id": "81abf80d-2329-4fa2-8b05-a73178c7bd67",
    "data": [
      {
        "text": "приветствую тебя",
        "userDefined": false
      }
    ],
    "isTemplate": false,
    "count": 0,
    "updated": 0
  },
  {
    "id": "7022a22e-72a6-43ee-b2f2-bb197282d8be",
    "data": [
      {
        "text": "приветик",
        "userDefined": false
      }
    ],
    "isTemplate": false,
    "count": 0,
    "updated": 0
  },
  {
    "id": "45fe9d38-9a07-4a68-9649-5bbe19bb6c64",
    "data": [
      {
        "text": "и снова здравствуйте",
        "userDefined": false
      }
    ],
    "isTemplate": false,
    "count": 0,
    "updated": 0
  },
  {
    "id": "846daa28-e2f8-4e03-8d36-4428df848d26",
    "data": [
      {
        "text": "здравствуйте",
        "userDefined": false
      }
    ],
    "isTemplate": false,
    "count": 0,
    "updated": 0
  },
  {
    "id": "ad9f22ca-7bb4-4ac1-8608-68e8a2af0630",
    "data": [
      {
        "text": "давно не виделись",
        "userDefined": false
      }
    ],
    "isTemplate": false,
    "count": 0,
    "updated": 0
  },
  {
    "id": "87e499a8-e735-4e53-98b4-ba7f8e042ea3",
    "data": [
      {
        "text": "просто хотел поздороваться",
        "userDefined": false
      }
    ],
    "isTemplate": false,
    "count": 0,
    "updated": 0
  },
  {
    "id": "dffb8260-6fa3-4696-afe3-7a2dd252ee49",
    "data": [
      {
        "text": "хотелось бы тебя поприветствовать",
        "userDefined": false
      }
    ],
    "isTemplate": false,
    "count": 0,
    "updated": 0
  },
  {
    "id": "905dae00-6ca6-48cb-98ac-23f7e34e0b7f",
    "data": [
      {
        "text": "хочу сказать тебе привет",
        "userDefined": false
      }
    ],
    "isTemplate": false,
    "count": 0,
    "updated": 0
  }
]