[
  {
    "id": "b0b15a4d-e9c1-40d5-82a7-e2209fd201b3",
    "data": [
      {
        "text": "когда родились кошки",
        "userDefined": false
      }
    ],
    "isTemplate": false,
    "count": 0,
    "updated": 0
  },
  {
    "id": "750bb0ff-207f-4a1b-bbd7-acbde753f977",
    "data": [
      {
        "text": "что там в какой месяц интересует",
        "userDefined": false
      }
    ],
    "isTemplate": false,
    "count": 1,
    "updated": 0
  },
  {
    "id": "d3e8bd4a-f3d1-4048-b39c-ffc3066cd9e9",
    "data": [
      {
        "text": "что там",
        "userDefined": false
      }
    ],
    "isTemplate": false,
    "count": 2,
    "updated": 0
  },
  {
    "id": "b0524613-18a5-4874-97b0-38a3fdcc63c9",
    "data": [
      {
        "text": "создать событие завтра в 12 0 0",
        "userDefined": false
      }
    ],
    "isTemplate": false,
    "count": 1,
    "updated": 0
  },
  {
    "id": "b63809d0-6d0d-424a-85cb-d8f128db7874",
    "data": [
      {
        "text": "он",
        "userDefined": false
      }
    ],
    "isTemplate": false,
    "count": 0,
    "updated": 0
  },
  {
    "id": "a5696c13-561f-4f9c-86e2-9b8e3143c1b2",
    "data": [
      {
        "text": "ну давай",
        "userDefined": false
      }
    ],
    "isTemplate": false,
    "count": 0,
    "updated": 0
  },
  {
    "id": "f236cba1-25d1-4846-a927-da74fc436efd",
    "data": [
      {
        "text": "ты че",
        "userDefined": false
      }
    ],
    "isTemplate": false,
    "count": 0,
    "updated": 0
  },
  {
    "id": "2f087fc7-cde0-4394-99fb-3b95e1579f1c",
    "data": [
      {
        "text": "всякий",
        "userDefined": false
      }
    ],
    "isTemplate": false,
    "count": 0,
    "updated": 0
  },
  {
    "id": "c63c1f60-d81c-489d-8797-817394516632",
    "data": [
      {
        "text": "что что ты хорошо",
        "userDefined": false
      }
    ],
    "isTemplate": false,
    "count": 0,
    "updated": 0
  },
  {
    "id": "abf821f6-a21f-4ede-a531-d837f5fa3af8",
    "data": [
      {
        "text": "понятно включи мне алиса",
        "userDefined": false
      }
    ],
    "isTemplate": false,
    "count": 0,
    "updated": 0
  },
  {
    "id": "c9a9b944-bc02-4aee-bd0e-14fce14c1776",
    "data": [
      {
        "text": "ты кто как тебя зовут",
        "userDefined": false
      }
    ],
    "isTemplate": false,
    "count": 0,
    "updated": 0
  },
  {
    "id": "720e8319-2688-42d8-83f9-b85f510116e1",
    "data": [
      {
        "text": "ну и все и уходи",
        "userDefined": false
      }
    ],
    "isTemplate": false,
    "count": 0,
    "updated": 0
  },
  {
    "id": "73f46ff2-7af8-428d-b9d8-b8be6e488f71",
    "data": [
      {
        "text": "когда был выпущен машины жигули",
        "userDefined": false
      }
    ],
    "isTemplate": false,
    "count": 0,
    "updated": 0
  },
  {
    "id": "253d03ac-e9ce-42eb-abb3-c7503f397276",
    "data": [
      {
        "text": "да",
        "userDefined": false
      }
    ],
    "isTemplate": false,
    "count": 0,
    "updated": 0
  },
  {
    "id": "d9eea4f9-b6a2-42aa-8d94-af3c7258d53d",
    "data": [
      {
        "text": "что",
        "userDefined": false
      }
    ],
    "isTemplate": false,
    "count": 0,
    "updated": 0
  },
  {
    "id": "0c095c93-551f-4c12-a44e-811bb61efed0",
    "data": [
      {
        "text": "могу но не скажу",
        "userDefined": false
      }
    ],
    "isTemplate": false,
    "count": 0,
    "updated": 0
  },
  {
    "id": "e8b7764c-372a-43c7-af78-c0e03adf58b4",
    "data": [
      {
        "text": "понятное дело",
        "userDefined": false
      }
    ],
    "isTemplate": false,
    "count": 0,
    "updated": 0
  },
  {
    "id": "0f87df13-c76b-407f-aaec-71a6f20c1fd5",
    "data": [
      {
        "text": "в смысле?",
        "userDefined": false
      }
    ],
    "isTemplate": false,
    "count": 1,
    "updated": 0
  },
  {
    "id": "c1479a2b-f818-435a-b8ef-ba31abf573f1",
    "data": [
      {
        "text": "давай",
        "userDefined": false
      }
    ],
    "isTemplate": false,
    "count": 0,
    "updated": 0
  },
  {
    "id": "34138e11-c98d-403f-b7f7-e29b8cfce2bc",
    "data": [
      {
        "text": "ds[jlyst d b.yt",
        "userDefined": false
      }
    ],
    "isTemplate": false,
    "count": 0,
    "updated": 0
  },
  {
    "id": "76c17c27-8961-4408-bfb3-cd005a77b64a",
    "data": [
      {
        "text": "декабристы",
        "userDefined": false
      }
    ],
    "isTemplate": false,
    "count": 0,
    "updated": 0
  }
]