[
  {
    "id": "c1479a2b-f818-435a-b8ef-ba31abf573f1",
    "data": [
      {
        "text": "давай",
        "userDefined": false
      }
    ],
    "isTemplate": false,
    "count": 0,
    "updated": 0
  },
  {
    "id": "34138e11-c98d-403f-b7f7-e29b8cfce2bc",
    "data": [
      {
        "text": "ds[jlyst d b.yt",
        "userDefined": false
      }
    ],
    "isTemplate": false,
    "count": 0,
    "updated": 0
  },
  {
    "id": "76c17c27-8961-4408-bfb3-cd005a77b64a",
    "data": [
      {
        "text": "декабристы",
        "userDefined": false
      }
    ],
    "isTemplate": false,
    "count": 0,
    "updated": 0
  }
]