[
  {
    "id": "1630ece8-7897-474d-be75-0c5f05a6c139",
    "data": [
      {
        "text": "пока",
        "alias": "geo-city",
        "meta": "@sys.geo-city",
        "userDefined": false
      }
    ],
    "isTemplate": false,
    "count": 0,
    "updated": 0
  },
  {
    "id": "35729858-10da-49de-b787-53e1b84c4e82",
    "data": [
      {
        "text": "выход",
        "userDefined": false
      }
    ],
    "isTemplate": false,
    "count": 0,
    "updated": 0
  },
  {
    "id": "0ac0cb81-3a43-4233-a60e-d034fe5b33d6",
    "data": [
      {
        "text": "выйти",
        "userDefined": false
      }
    ],
    "isTemplate": false,
    "count": 0,
    "updated": 0
  },
  {
    "id": "f8267025-2830-46c3-9ffc-a49aafcb64ae",
    "data": [
      {
        "text": "Выход из навыка",
        "userDefined": false
      }
    ],
    "isTemplate": false,
    "count": 0,
    "updated": 0
  },
  {
    "id": "32a8e1b7-f69f-4350-873e-22fa030b9c94",
    "data": [
      {
        "text": "Выйти из навыка",
        "userDefined": false
      }
    ],
    "isTemplate": false,
    "count": 0,
    "updated": 0
  },
  {
    "id": "1db892ab-d911-4a26-922e-11523b1d7abd",
    "data": [
      {
        "text": "Завершить диалог",
        "userDefined": false
      }
    ],
    "isTemplate": false,
    "count": 0,
    "updated": 0
  },
  {
    "id": "9025a0e9-c449-40db-9374-4daa3c55451c",
    "data": [
      {
        "text": "Завершить",
        "userDefined": false
      }
    ],
    "isTemplate": false,
    "count": 0,
    "updated": 0
  },
  {
    "id": "0299a856-ee28-460b-9e52-f2152f4289e5",
    "data": [
      {
        "text": "Выйти",
        "userDefined": false
      }
    ],
    "isTemplate": false,
    "count": 0,
    "updated": 0
  },
  {
    "id": "08b46879-863c-4ede-9037-097e98019211",
    "data": [
      {
        "text": "Выход",
        "meta": "@sys.ignore",
        "userDefined": false
      }
    ],
    "isTemplate": false,
    "count": 0,
    "updated": 0
  }
]