[
  {
    "id": "ae63b181-4d34-4b86-8353-4364dda9c55e",
    "data": [
      {
        "text": "выйти",
        "userDefined": false
      }
    ],
    "isTemplate": false,
    "count": 1,
    "updated": 0
  },
  {
    "id": "e8d2a15b-5056-44bd-a066-a1560fc9b2de",
    "data": [
      {
        "text": "пока",
        "userDefined": false
      }
    ],
    "isTemplate": false,
    "count": 0,
    "updated": 0
  },
  {
    "id": "b81bec4d-93d1-4bf0-b528-7d6f4b42acc6",
    "data": [
      {
        "text": "пока",
        "meta": "@sys.ignore",
        "userDefined": false
      }
    ],
    "isTemplate": false,
    "count": 1,
    "updated": 0
  },
  {
    "id": "35729858-10da-49de-b787-53e1b84c4e82",
    "data": [
      {
        "text": "выход",
        "userDefined": false
      }
    ],
    "isTemplate": false,
    "count": 0,
    "updated": 0
  },
  {
    "id": "f8267025-2830-46c3-9ffc-a49aafcb64ae",
    "data": [
      {
        "text": "Выход из навыка",
        "userDefined": false
      }
    ],
    "isTemplate": false,
    "count": 0,
    "updated": 0
  },
  {
    "id": "32a8e1b7-f69f-4350-873e-22fa030b9c94",
    "data": [
      {
        "text": "Выйти из навыка",
        "userDefined": false
      }
    ],
    "isTemplate": false,
    "count": 0,
    "updated": 0
  },
  {
    "id": "1db892ab-d911-4a26-922e-11523b1d7abd",
    "data": [
      {
        "text": "Завершить диалог",
        "userDefined": false
      }
    ],
    "isTemplate": false,
    "count": 0,
    "updated": 0
  },
  {
    "id": "9025a0e9-c449-40db-9374-4daa3c55451c",
    "data": [
      {
        "text": "Завершить",
        "userDefined": false
      }
    ],
    "isTemplate": false,
    "count": 0,
    "updated": 0
  },
  {
    "id": "0299a856-ee28-460b-9e52-f2152f4289e5",
    "data": [
      {
        "text": "Выйти",
        "userDefined": false
      }
    ],
    "isTemplate": false,
    "count": 0,
    "updated": 0
  },
  {
    "id": "08b46879-863c-4ede-9037-097e98019211",
    "data": [
      {
        "text": "Выход",
        "meta": "@sys.ignore",
        "userDefined": false
      }
    ],
    "isTemplate": false,
    "count": 0,
    "updated": 0
  }
]