[
  {
    "id": "8642e5b6-1054-41a0-86d9-089c2d03b821",
    "data": [
      {
        "text": "спасибо",
        "userDefined": false
      }
    ],
    "isTemplate": false,
    "count": 1,
    "updated": 0
  },
  {
    "id": "81a76206-102b-4d1b-b8f6-2172c3a47729",
    "data": [
      {
        "text": "ништяк",
        "userDefined": false
      }
    ],
    "isTemplate": false,
    "count": 0,
    "updated": 0
  },
  {
    "id": "92da3f4c-de03-4309-8873-eba9beac3183",
    "data": [
      {
        "text": "нормально",
        "userDefined": false
      }
    ],
    "isTemplate": false,
    "count": 0,
    "updated": 0
  },
  {
    "id": "0f099bb1-0e95-45e2-bbb4-e43e6bad4b6e",
    "data": [
      {
        "text": "нормально говорю",
        "userDefined": false
      }
    ],
    "isTemplate": false,
    "count": 0,
    "updated": 0
  },
  {
    "id": "4d61ac90-e988-4fb0-b07d-76a39ec57a81",
    "data": [
      {
        "text": "ништяк",
        "meta": "@sys.ignore",
        "userDefined": false
      }
    ],
    "isTemplate": false,
    "count": 0,
    "updated": 0
  },
  {
    "id": "f9928635-211a-4ce3-ae1e-e69d8dbd9a6d",
    "data": [
      {
        "text": "Это было полезно",
        "userDefined": false
      }
    ],
    "isTemplate": false,
    "count": 0,
    "updated": 0
  },
  {
    "id": "b55009d9-2a2e-4179-8ff4-f7b89e12ab8f",
    "data": [
      {
        "text": "Спасибо за инфорамцию",
        "userDefined": false
      }
    ],
    "isTemplate": false,
    "count": 0,
    "updated": 0
  },
  {
    "id": "4311207c-f642-4024-b4c8-b17679ac47cc",
    "data": [
      {
        "text": "Спасибо",
        "userDefined": false
      }
    ],
    "isTemplate": false,
    "count": 0,
    "updated": 0
  },
  {
    "id": "da5c3fec-cb5b-4e0b-b412-a568eb63ab7f",
    "data": [
      {
        "text": "Круто спасибо",
        "userDefined": false
      }
    ],
    "isTemplate": false,
    "count": 0,
    "updated": 0
  },
  {
    "id": "c8491ea7-095c-498d-b346-dfce0c935c50",
    "data": [
      {
        "text": "Класс спасибо",
        "userDefined": false
      }
    ],
    "isTemplate": false,
    "count": 0,
    "updated": 0
  }
]