[
  {
    "value": "Work",
    "synonyms": [
      "Рабочий",
      "Будний",
      "Будние",
      "Рабочий день",
      "Рабочие дни",
      "Рабочих дней",
      "Рабочие",
      "Трудовые",
      "Трудовые будни",
      "работа",
      "работаем"
    ]
  },
  {
    "value": "PreHoliday",
    "synonyms": [
      "Предпраздничный",
      "Короткий",
      "сокращённый",
      "Сокращенный",
      "предпраздничный день",
      "короткий день",
      "сокращенный день",
      "сокращённый день",
      "короткие дни"
    ]
  },
  {
    "value": "NotWork",
    "synonyms": [
      "Праздничный",
      "праздник",
      "праздничный день",
      "дополнительный выходной",
      "отдыхаем",
      "отдых",
      "Выходной",
      "выходные",
      "нерабочий",
      "не рабочий",
      "выходные дни",
      "выходных дней",
      "выходных",
      "праздники",
      "короткие дни"
    ]
  }
]